Username,Name ,Description,Verified,Student Initials,
nytimes,The New York Times,We seek the truth and help people understand the world.,Yes,EM,
washingtonpost,The Washington Post,We are a newspaper,Yes,DAK,
cnn,CNN,This is CNN,Yes,DAK,
pbsnews,PBS NEWS HOUR,"A + News, C- Dancing",Yes,DAK,
abcnews,ABC News,"All the news and information you need to see, curated by the ABC News Team",Yes,DAK,
msnbc,MSNBC,We're that network with the anchor who provides legal analysis via rap lyrics,Yes,DAK,
cbsnews,CBS News,Your source for original reporting and trusted news,Yes,DAK,
briantylercohen,Brian Tyler Cohen,"Politics. 1.5 Million views on Youtube. MSNBC contributor. Host of ""No Lie"" pod.",Yes,DAK,
cbseveningnews,CBS Evening News,Official TikTok of the longest-running evening newscast,Yes,DAK,
abcworldnews,ABC World News Tonight,World News Tonight with David Muir delivers the news that matters most,Yes,DAK,
nbcnews,NBC News,Your trusted source for the top news around the globe.,Yes,DAK,
yahoonews,Yahoo News,"The news you need to know, and the fun stuff too ",Yes,DAK,
7newsq,7NEWS Queensland,"7NEWS Stories from Brisbane, the Gold Coat and regional Queensland",Yes,DAK,
,Jesse Watters,"Host of ""Jessie Watters Primetime"" & Co-Host of ""The Five"" on Fox News Channel",Yes,DAK,
skynews,Sky News,For the latest stories download the Sky News app or click the link in the bio ,Yes,DAK,
bbc,BBC News,"The stories that matter to you,",Yes,DAK,
forbes,Forbes,"Official TikTok of Forbes, the worldâ€™s leading voice for entrepreneurial success",Yes,DAK,
usatoday,USA Today,"USA TODAY, TikTok tomorrow",Yes,DAK,
gbnews,GBN ,The People's Channel,Yes,DAK,
varietymagazine,Variety Magazine,Variety Magazine,Yes,DAK,
sophiasmithgaler,Sophia Smith Galer,"journalist, author, languages nerd get my languages nerd newsletter",Yes,DAK,
maxfostercnn,Max Foster ,CNN London anchor and correspondent,Yes,DAK,
nytopinion,New York Times Opinion,We amplify voices on the issues that matter to you,Yes,AMWY,
60minutes,60 Minutes,"Yes, that 60 Minutes. New to TikTok, but doing â€œtick, tickâ€ for 56 years",Yes,AMWY,
cbsmornings,CBS Mornings,Impactful journalism + exquisite storytelling. Watch 7-9 a.m. on CBS ğŸŒ,Yes,AMWY,
cbssundaymorning,CBS Sunday Morning,Award-winning morning news program hosted by Jane Pauley,Yes,AMWY,
vicenews,VICE News,ğŸŒğŸŒğŸŒ Find out whatâ€™s really happening in the world.,Yes,AMWY,
abcnewslive,ABC News Live,"Wherever the story is, weâ€™ll take you there.",Yes,AMWY,
gma,Good Morning America,Put some good in your morning â˜€ï¸ Watch 7-9 a.m. on ABC,Yes,AMWY,
newsweek,Newsweek,Official TikTok of Newsweek,Yes,AMWY,
underthedesknews,UnderTheDeskNews,The Nice Side of #NewsTok ğŸ¤“ hello@underthedesknews.com American Fever Dream,Yes,AMWY,
theconversation,The Conversation US,Experts + journalists working together to bring you expert news analysis,Yes,AMWY,
nowthisimpact ,NowThis Impact,Click here for a chance to win Mitski tickets ğŸ‘‡,Yes,AMWY,
dailymail,Daily Mail,Seriously Popular,Yes,AMWY,
davebondy,Dave Bondy,"Journalist, Content Creator who keeps it real",Yes,AMWY,
aljazeeraenglish,Al Jazeera English,The official TikTok account for Al Jazeera English.,Yes,AMWY,
vicenewsdocs,VICE News Docs,Original reporting on everything that matters.,Yes,AMWY,
c4news,Channel 4 News,Understand the news ğŸŒ Got a story? C4Nstories@itn.co.uk,Yes,AMWY,
itvnews,itvnews,On Instagram? Follow Hereâ€™s The Story from ITV News - link in bio â¬‡ï¸,Yes,AMWY,
niickjackson,Nick Jackson,I Give You The Daily News Roundups ğŸ“© nick@projectfinesse.com,Yes,AMWY,
abc7la,ABC7LA,The #1 news source in Southern California.,Yes,AMWY,
reuters,Reuters,"Top and breaking news, photos and videos from Reuters",Yes,AMWY,
npr,NPR,Independent. Nonprofit. News.,Yes,TR,
nowthis,nowthis,Click here for a chance to win Mitski tickets ğŸ‘‡,Yes,TR,[Sourced from a list of top news accounts on tiktok]
brutamerica,Brut.,"Stories, unfiltered. Want more? Click below. ğŸ‘‡ğŸ‘‡ğŸ‘‡",Yes,TR,[Sourced from a list of top news accounts on tiktok]
thetelegraph,The Telegraph,"Think ahead with the latest news, video and analysis",Yes,TR,
vox,Vox,Sign up for our new daily newsletterğŸ‘‡,Yes,TR,
buzzfeednews,BuzzFeed News,Reporting To You ğŸ“°,Yes,TR,
taylorlorenz,Taylor Lorenz,âœ¨Technology journalist âœ¨ SUBSCRIBE TO MY IG + YOUTUBE FOR NEWS & SCOOPS!ğŸ‘‡ğŸ»ğŸ‘‡ğŸ»,Yes,TR,
wallstreetjournal,The Wall Street Journal,"money, careers & tech from WSJâ€™s newsroom",Yes,TR,
latimes,404 [by L.A. Times],(ã£â—”â—¡â—”)ã£âœ¨from the minds at 404 by L.A. Times âœ¨,Yes,TR,
natgeo,National Geographic,Inspiring the explorer in everyone ğŸŒ,Yes,TR,
vicderbyshire,VicDerbyshire,BAFTA-winning journo BBC Newsnight ğŸ“º Ukrainecast ğŸ§ Can I help u tell yr story,Yes,TR,
pinknews,PinkNews ğŸ³ï¸â€ğŸŒˆğŸ³ï¸â€âš§ï¸,"Serving you LGBTQ+ content to inform, inspire and empower",Yes,TR,
eveningstandard,The Standard,Official TikTok account of The Standard,No,TR,[Maybe too Britain-focused]
cleoabram,Cleo Abram,video journalist making Huge If True prev: Vox âœ¨optimism on your fypâœ¨,Yes,TR,
sandragathmann,Sandra Gathmann,I explain world news on a YouTube show called â€˜START HEREâ€™,No,TR,
tldrnews,TLDR News,Real News. Real Quick. Real Simple. Find much more from TLDR on YouTube,No,TR,[Maybe too Britain-focused]
morningbrew,Morning Brew,News for the modern business Tok-er,Yes,TR,
semafor,Semafor News,Building a new global news company. Sign up for our free newsletters!,Yes,TR,
thepocketreport,Polly,Bringing you a subpar look at the news in a timely fashion. ğŸ“Brooklyn,No,TR,"[Maybe too casual to be considered a ""news source"" ??]"
theeconomist,The Economist,Like talking to your clever friend ğŸŒ Seriously curious? Click the link for more,Yes,TR,
thegarbagequeen,Alaina Wood,appalachian climate activist sustainability scientist katherine@thewell.agency,No,CJ,
nbcnightlynews,NBC Nightly News,From your TV to TikTok: breaking news and top stories for 75 years and counting.,Yes,CJ,
benjaminzamoratven,Benjamin Zamora - (tv2),Emmy Award Winning Journalist English account - Cuenta de respaldo,No,CJ,
thenewsmovement,The News Movement,Explaining our world. News and original reporting. Born social.,Yes,CJ,
elliecolts,officialelliecolton,BBC Radio Sheffield Breakfast Presenter ğŸ’œ Weekdays from 6am âœ¨,No,CJ,
gullyburrows,Gully Burrows,stories i hope youâ€™ll like ğŸ¥ğŸ“ british journalist in abu dhabi,No,CJ,
jacksurfleet ,Jack Surfleet,TV Presenter & Journo ğŸ“º BBC News/BBC Three The news explained â¬‡ï¸,Yes,CJ,
washingtonpostlive,Post Live,The conversations you wonâ€™t hear anywhere else. #PostLive,Yes,CJ,
washingtonpostwellbeing,The Post's Well+Being,"Well-being news, explainers and expertise from The Washington Post",Yes,CJ,
nbc.news_us,NBC News,,No,CJ,[not an actual news account but has clippings from news stories]
bbcnews ,BBC News,The stories that matter to you,Yes,CJ,
cbcnews,CBC News,You ask. We answer. Canadaâ€™s public broadcaster.,Yes,CJ,[canada]
radiodisney ,Radio Disney,Follow Radio Disney on Instagram! â˜ï¸,Yes,CJ,
enews ,E! News,Click the link for the latest entertainment news from Hollywood! â¬‡ï¸,Yes,CJ,
goodmorningbadnews,"Good Morning, Bad News",â¬‡ï¸ SCRIPTS & SOURCES â¬‡ï¸,Yes,CJ,
newus197655,newsus,Host of the David Pakman Show,No,CJ,
catchupnews,CatchUp,The truth is always saucy ğŸ,No,CJ,
nbc10boston,NBC10 Boston,Instagram: @nbc10boston,Yes,CJ,
realandyhidalgo,Andy Hidalgo,The Latino Conservative ğŸ”¥ğŸ‡ºğŸ‡¸ Follow for Breaking News ğŸš¨,No,CJ,
homelandscanner,homelandscanner,Fast & accurate news coverage. Groundbreaking events across the Globe.,No,CJ,
meganhealytv,Megan Healy,"ğŸ¥ I make videos for a living San Diego, CAğŸŒ Twitter/Insta: MeganHealyTV",No,AH,
Nehagohil.24,Neha Gohil,Correspondent @thenewsmovement https://linktr.ee/nehagohil,No,AH,
clogrifff,Clodagh Griffin,Irish Professional yapper ğŸ¤ London/Dublin @thenewsmovement,No,AH,
abbiedewhurst,AbbieDewhurst,Weather & climate presenter for the BBC ğŸŒ andrew@cloud9management.co.uk,No,AH,
jennalynn468,Jenna Lynn,ğŸ“° Breaking News & Crime ğŸ•µğŸ»,Yes,DL,
dylan.page,Dylan Page,#1 News Account On Tiktok,Yes,DL,
jamesgetspolitical,James Ray,My girlfriend says I make good TikToks,Yes,DL,
js.news17,Js News,,,DL,
metro_tv,Metro TV News,The Official Account of Metro TV,Yes,DL,from https://www.reddit.com/r/Journalism/comments/zkwcch/top_news_publishers_by_number_of_followers_on/
republikaonline,Republika,Beyond The News || Ada Cerita di Setiap Peristiwa,Yes,DL,from https://www.reddit.com/r/Journalism/comments/zkwcch/top_news_publishers_by_number_of_followers_on/
liputan6.sctv,Liputan 6,"Kumpulan peristiwa menarik dan viral yang menjadi headline, ada di sini!",Yes,DL,from https://www.reddit.com/r/Journalism/comments/zkwcch/top_news_publishers_by_number_of_followers_on/
khaosodonline,Khaosod,Khaosodonline à¹€à¸à¸ˆà¸‚à¹ˆà¸²à¸§à¸—à¸µà¹ˆà¸¡à¸µà¸œà¸¹à¹‰à¸•à¸´à¸”à¸•à¸²à¸¡à¹€à¸›à¹‡à¸™à¸­à¸±à¸™à¸”à¸±à¸š 1 à¸‚à¹ˆà¸²à¸§à¸”à¹ˆà¸§à¸™ à¸‚à¹ˆà¸²à¸§à¹€à¸”à¹ˆà¸™ à¸—à¸µà¹ˆà¸™à¹ˆà¸²à¸ªà¸™à¹ƒà¸ˆ,Yes,DL,from https://www.reddit.com/r/Journalism/comments/zkwcch/top_news_publishers_by_number_of_followers_on/
thairath_news,Thai Rath,Thairath News Official Account à¹„à¸—à¸¢à¸£à¸±à¸ à¸—à¸±à¸™à¸—à¸¸à¸à¹€à¸«à¸•à¸¸à¸à¸²à¸£à¸“à¹Œ à¸‚à¹ˆà¸²à¸§à¸”à¹ˆà¸§à¸™ à¸›à¸£à¸°à¹€à¸”à¹‡à¸™à¸£à¹‰à¸­à¸™,Yes,DL,from https://www.reddit.com/r/Journalism/comments/zkwcch/top_news_publishers_by_number_of_followers_on/
tv_asahi_news,TV Asahi News,ãƒ†ãƒ¬ãƒ“æœæ—¥ã®ãƒ‹ãƒ¥ãƒ¼ã‚¹æƒ…å ±ã‚µã‚¤ãƒˆã€Œãƒ†ãƒ¬æœnewsã€ã®å…¬å¼ã‚¢ã‚«ã‚¦ãƒ³ãƒˆã§ã™! æœ€æ–°ãƒ‹ãƒ¥ãƒ¼ã‚¹ã¯ã‚‚ã¡ã‚ã‚“ã€è©±é¡Œã®å‹•ç”»ã‚„ã€å‹é”ã«ã‚·ã‚§ã‚¢ã—ãŸããªã‚‹æƒ…å ±ã‚’å³é¸ã—ã¦ãŠå±Šã‘ã—ã¾ã™ï¼,Yes,DL,from https://www.reddit.com/r/Journalism/comments/zkwcch/top_news_publishers_by_number_of_followers_on/
thaipbsnews,Thai PBS News,à¸‚à¹ˆà¸²à¸§à¸—à¸µà¹ˆà¸„à¸¸à¸“à¸§à¸²à¸‡à¹ƒà¸ˆ à¹‚à¸”à¸¢à¸ªà¸³à¸™à¸±à¸à¸‚à¹ˆà¸²à¸§à¹„à¸—à¸¢à¸à¸µà¸šà¸µà¹€à¸­à¸ª à¸•à¸´à¸”à¸•à¸²à¸¡à¸‚à¹ˆà¸²à¸§à¹à¸¥à¸°à¸ªà¸–à¸²à¸™à¸à¸²à¸£à¸“à¹Œà¸—à¸±à¹‰à¸‡à¹ƒà¸™à¹à¸¥à¸°à¸•à¹ˆà¸²à¸‡à¸›à¸£à¸°à¹€à¸—à¸¨,Yes,DL,from https://www.reddit.com/r/Journalism/comments/zkwcch/top_news_publishers_by_number_of_followers_on/
501awani,Astro Awani,Ikuti kami untuk perkembangan terkini. Kami juga LIVE setiap hari untuk anda!,Yes,DL,from https://www.reddit.com/r/Journalism/comments/zkwcch/top_news_publishers_by_number_of_followers_on/
vicenews,Vice World News,ğŸŒğŸŒğŸŒ Find out whatâ€™s really happening in the world.,Yes,DL,from https://www.reddit.com/r/Journalism/comments/zkwcch/top_news_publishers_by_number_of_followers_on/
thesun,The Sun,"The best news, showbiz and viral videos from The Sun",Yes,DL,from https://www.reddit.com/r/Journalism/comments/zkwcch/top_news_publishers_by_number_of_followers_on/
georgia_coan,Georgia Coan,"Journalist/Presenter ğŸ¤
News, music + internet culture
georgiacoan@gmail.com ğŸ“§",No,CF,
amandadcnn,Amanda Davies,CNN Sports Anchor Letâ€™s get this TikTok party started!,No,CF,
katiepolglasecnn,Katie Polglase,Emmy award-winning investigative journalist at CNN. Interested in OSINT.,No,CF,
vandamcnn,Derek Van Dam,CNN This Morning M-F Meteorologist (C.B.M. #314). Nature is my medicine. ğŸ™ğŸ¼,No,CF,
maddowshow,Rachel Maddow,The official Rachel Maddow Show account. Mondays at 9pmET on MSNBC,Yes,CF,
guardian,The Guardian,"Always factual, never dull ğŸ’ƒ",Yes,CF,
openlynews,Openly | LGBTQ+ News,Impartial LGBTQ+ news for a world that isnâ€™t.,Yes,CF,
chris.ship.royal,Chris Ship,Reporter. Royals. News. TV. London. UK.,No,CF,
franceswangtv,Frances Wang,News Anchor. Itâ€™s nice to be important but itâ€™s more important to be nice â¤ï¸,Yes,CF,
jaketapper,Jake Tapper,"dad, husband, CNN anchor, author of new 1970s thriller ALL THE DEMONS ARE HERE",Yes,CF,
gadischwartz,Gadi Schwartz,I put the news on Tiktok & put tiktoks on the news #NBCNews,Yes,CF,
staytunednbc,Stay Tuned NBC,Home of NBC News Stay Tuned! Find us on Snapchat and YouTube.,Yes,CF,
watchsavannah,Savannah Sellers,anchor @nbcnews & host @staytunednbc ğŸ“²ğŸ“ºğŸ—ğŸ‘ ğŸ’„ğŸŒ­,Yes,CF,
theatlantic,The Atlantic,Exploring the American idea. Of no party or clique since 1857.,Yes,CF,
newyorker,The New Yorker,"Commentary, criticism, comedy, and more, from the editors of The New Yorker.",Yes,CF,
huffpost,HuffPost,âœ¨ HuffPost âœ¨,Yes,CF,
buzzfeednow,BuzzFeed Now,Everything the internet is talking aboutâ€¦NOW! (We all write for BuzzFeed btw),Yes,CF,
huffpostuk,HuffPost UK,We believe real life should be reflected in the news and that news is personal.,Yes,CF,
phillyinquirer,Philadelphia Inquirer,Philly through the eyes of Inquirer journalists.,No,CF,
newsday.tv ,NewsdayTV,Covering news on Long Island like no one else can ğŸ¥âœ¨,Yes,CF,
citizen.digital,Citizen TV,The no. 1 destination for all Kenyans on social media,No,FN,
ntvkenya,NTV,"Kenya's #1 urban TV Station
The best entertainment
Turning on your world",No,FN,
habari_njema,Habari Njema,Everything Africa from politics to pop culture,No,FN,
tiin.worldnews ,tiin.worldnews ,Update the latest news in 24 hours,No,FN,
aljazeera,Ø§Ù„Ø¬Ø²ÙŠØ±Ø©,Ù…Ø±Ø­Ø¨Ø§Ù‹ Ø¨ÙƒÙ… ÙÙŠ Ø§Ù„Ø­Ø³Ø§Ø¨ Ø§Ù„Ø±Ø³Ù…ÙŠ Ù„Ù‚Ù†Ø§Ø© Ø§Ù„Ø¬Ø²ÙŠØ±Ø© Ø¹Ù„Ù‰ ØªÙŠÙƒ ØªÙˆÙƒ,Yes,FN,
newsnexussa,NewsNexusOfficial,"â˜ï¸ WhatsApp +27 64 761 5683 
ğŸ‡¿ğŸ‡¦ South Africa 
ğŸ“£ International 
ğŸ“¢ Advertise",No,FN,
2nacheki,2nackeki.tv,Africa is Watching,No,FN,
dw24tv,DW24,"For Daily News,Videos,Stories&Sports stay connected with DW24-TRUTH NEVER DIES",No,FN,
dailyglobalnewsshorts,Daily Global News,Contact Daily Global News: dailyglobalnewscontact@gmail.com,No,FN,
royalnewschannel,Royal News Channel,FOLLOW OUR PROFILE,No,FN,
update_438,Update,"Welcome, thanks for viewing, please help me to 1k on YouTube. â¬‡ï¸. Thank you ğŸ™ğŸ½ www.paypal.me/shawncole56",No,FN,
rbarwanda,RBA Digital,"Official Account of Rwanda Broadcasting Agency (RBA).
http://rba.co.rw",No,FN,
igihe,IGIHE,"Beyond News, Beyond Now.
www.igihe.com",No,FN,
newschannelakp,Newschannel,my mission to move Nigeria forward if u love me comment like ur opinion matters,No,FN,
leoandroccosounds,LEROC,ğŸ‡ºğŸ‡²ğŸ’™ğŸ³ï¸â€ğŸŒˆ/PROCHOICE/LGBTQ+Zero racists/magas or bigots VOTE ğŸ’™ AMERICA ğŸ’™,No,FN,
breakingnews1134,Breaking News,follow my account,No,FN,
nigeriaglobalnews,Nigeria Global News,"We are Nigeria Global News
https://www.youtube.com/@NigeriaGlobalNews",No,FN,
newtimesrwanda,The New Times (Rwanda),"Reliableâ€¢ Responsibleâ€¢ Credibleâ€¢ Visual stories from our team of videographers.
www.newtimes.co.rw",No,FN,
infos.minutes,Infos Minutes,"Information on political, economic, and international news... cs:@infosminutes",No,FN,
unvelingtruth945,Wafa,No bio yet.,No,FN,
todayshow,TODAY Show,Today's News tiktok account,Yes,SL,
nbcsports,NBC Sports,nbc sports news,Yes,SL,
nfl,NFL,nfl sports news,Yes,SL,
therecount,therecount,politics news,Yes,SL,
bnc_news,BNC_NEWS,breaking news,Yes,SL,
thebryanjun,Bryan Jun,"creates content on Korean news, culture, and stories (in english)",Yes,SL,
todayonline,TODAYOnline,what's #trending TODAY,Yes,SL,
news.daily4,News Daily,news content,Yes,SL,
todaysworldnews,World news,National and international TikTok news,Yes,SL,
newsworld5555,News World,News World To Day,Yes,SL,
durikoreannews,Duri Korea News,Duri Korea News,Yes,SL,
thomasgermain,Thomas Germain,Tech reporter at Gizmodo.,Yes,SL,
speedifylive,Speedify,news on connectivity and security,Yes,SL,
bernardgarby,BERNARD,fashion news,Yes,SL,
thestanzamedia,the stanza,"news on investing, hospitality, fashion",Yes,SL,
thefacemagazine,The Face Magazine,"news on clothes, politics, and attitude",Yes,SL,
plasticsnews,Plastics News,covers business and legislation of plastics industry,Yes,SL,
nownownews,NowNews,"up to the minute, breaking news! the now news!",Yes,SL,
thegoodnews100,The Good News,uplifting news to brighten your day,Yes,SL,
sambentley,Sam Bentley,good news for the planet you may not have heard,Yes,SL,
latinus_us,Latinus,#InformaciÃ³nParaTi,Yes,MG,
dallasmorningnews,DallasMorningNews,Dedicated to the stories of North Texas. ğŸ—,Yes,MG,
bostonglobe,The Boston Globe,"How do you do, fellow kids?",Yes,MG,
globeopinion,Globe Opinion,Original perspectives from Boston Globe Opinion & Ideas ğŸ—£ï¸,Yes,MG,
bostonglobetoday ,Boston Globe Today,News reimagined from @BostonGlobe and @NESN.,Yes,MG,
espn,ESPN,â€œTo Serve Sports Fans. Anytime. Anywhere.â€,Yes,MG,
time,TIME,"TIME, a 100-year-old magazine. Ask your parents.",Yes,SH,
skysports,Sky Sports,The official Sky Sports TikTok account.,Yes,SH,
skysportswsl,Sky Sports WSL,The official Sky Sports WSL TikTok account!,Yes,SH,
geonews,Geo News,Pakistan's No. 1 News Channel,Yes,BB,
11thhourmsnbc,11th Hour MSNBC,The official TikTOk page for the 11th Hour on MSNBC. Weeknights at 11 pm ET.,Yes,BB,
bolnews,BOL News,BOL News is Pakistan's Number 1 News channel www.bolnews.com,Yes,BB,
cgtneurope,CGTN Europe,ğŸ‡ªğŸ‡º China Global Television Network in Europe ğŸ‘ï¸ See the Difference,Yes,BB,
scmp.news,South China Morning Post,"Newspaper based in Hong Kong since 1903, covering China, Asia & World news",Yes,BB,
peoplesdaily,People's Daily äººæ°‘æ—¥æŠ¥,Official account of People's Daily äººæ°‘æ—¥æŠ¥: The largest newspaper group in China.,No,BB,
middleeasteye,Middle East Eye,independent middle east and north africa news ,Yes,NA,
businessinsider,Business Insider,What you want to know about business. linktr.ee/insiderlife,Yes,BB,
cmlvancover,CTV morning Live Vancouver ,"News, traffic, weather & community. Weekday mornings from 6-9am on CTV",No,NA,
apnews,The Associated Press,All the news you need from our reporters around the ğŸŒ apnews.com,Yes,BB,
btnewsroom,BreakThrough News ,we tell the untold stories of resistance from poor and working people ,No,NA,
trtworld ,TRTWORLD ,where news inspires change ,Yes,NA,
cspanofficial,C-SPAN,Capitol Hill. The White House. National Politics. Created by Cable in 1979. cspan.org,Yes,BB,
trtarabi,TRT Ø¹Ø±Ø¨ÙŠ,Ù…Ø¹ Ø§Ù„Ù†Ø§Ø³ Ø£ÙŠÙ†Ù…Ø§ ÙƒØ§Ù†ÙˆØ§ØŒ Ù†Ø³Ù„Ø· Ø§Ù„Ø¶ÙˆØ¡ Ø¹Ù„Ù‰ Ø§Ù„Ù‚ØµØµ Ø§Ù„Ø¥Ù†Ø³Ø§Ù†ÙŠØ© ÙˆÙ‚Ø¶Ø§ÙŠØ§ Ø§Ù„Ù…Ø¬ØªÙ…Ø¹,Yes,NA,
bloomberg,Bloomberg,"Bloomberg is the global leader in business and financial data, news and insight. www.bloomberg.com/company",Yes,BB,
bloombergpolitics,Bloomberg Politics,Global news and politics from Bloomberg https://likeshop.me/t/bloombergpolitics,Yes,BB,
bloombergbusiness,Bloomberg Business,Covering the business world like no one else. https://likeshop.me/t/bloombergbusiness,Yes,BB,
politicomx,Politico ,La politica explicada ,Yes,NA,
foxnewsanytime,Fox News,Daily For News Updates ,No,NA ,
bostondotcom,Boston.Com,"New England news, entertainment, &community. Tag #bostondotcom to be featured",Yes,NA,
abc7chicago,ABC7 Chicago,The official Tiktok account of ABC7 Chicago,Yes,NA ,
vox_espana,VOX EspaÃ±a ğŸ‡ªğŸ‡¸,Cuenta oficial de VOX #PorEspaÃ±a ğŸ’ªğŸ‡ªğŸ‡¸,Yes,BB,
bloombergopinion,Bloomberg Opinion,Our global staff's best opions on loop for you. ğŸŒğŸ’»ğŸ”ğŸ“ŠğŸ—ºï¸â™»ï¸ https://likeshop.me/t/bloombergopinion,Yes,BB,
bloomberglaw,Bloomberg Law,Legal nerds unite ğŸ‘ Sen. Kennedy's judicial bar exam story â¬‡ï¸  http://blawgo.com/F1R48qP,Yes,BB,
catoinstitute,Cato Institute,Individual Liberty. Limited Government. Free Markets. Peace. https://linktr.ee/catotiktok,No,BB,
startribune,Star Tribune,"Ope, just gonna post a few videos here. https://www.startribune.com/",Yes,BB,
johannaruediger,Johanna RÃ¼diger - Journalist,News to use: I tell you what's going on in Berlin & Germany & Europe. Journalist,No,BB,
euronews.tv,Euronews,Official Euronews TikTok. Brought to you by Europe's leading news channel. euronews.com,Yes,BB,
bbcnewsbrasil,BBC News Brasil,Aqui vocÃª encontra o melhor da produÃ§Ã£o em vÃ­deo da BBC News Brasil. Inscreva-se https://youtube.com/BBCBrasil,Yes,BB,
geonewsheadlines.pk,Geo News Headlines,NA,No,SL,
9news,9News Australia,"9News, Your News ğŸ“º",Yes,SL,
news_389_us,News ğŸ‡ºğŸ‡¸,"ğŸ‡ºğŸ‡¸channel updates latest newsğŸ‡ºğŸ‡¸
Follow the channel to update the latest news",No,SL,
news.show.h24,News,JUST FOR IMRAN KHAN SUPPORTERS ğŸ,No,SL,
vtcnews,VTC NEWS,"BÃ¡o Ä‘iá»‡n tá»­ VTC News - Tin tá»©c trong nÆ°á»›c, tháº¿ giá»›i cáº­p nháº­t 24/7, video hay",Yes,SL,
gmanews,GMA News,"Official TikTok of GMA Integrated News, the News Authority of the Filipino ğŸ‡µğŸ‡­",Yes,SL,
kbc_news,ä¹å·æœæ—¥æ”¾é€,ç¦å²¡ã«ã‚ã‚‹ï¼«ï¼¢ï¼£ä¹å·æœæ—¥æ”¾é€ï¼ˆï¼¡ï¼®ï¼®ç³»åˆ—ï¼‰ã®ãƒ‹ãƒ¥ãƒ¼ã‚¹å…¬å¼ã‚¢ã‚«ã‚¦ãƒ³ãƒˆã§ã™ ã€‚ç¦å²¡ã‚„ä¹å·å„åœ°ã®è©±é¡Œã‚’ãŠä¼ãˆã—ã¾ã™ã€‚ç¦å²¡ãƒ»ä½è³€ã®æœ€æ–°ãƒ‹ãƒ¥ãƒ¼ã‚¹ã‚’é…ä¿¡ä¸­ã§ã™ã€‚,Yes,SL,
orient_newsar,ORIENT NEWS,... Ø¥Ø­Ø¯Ù‰ Ù…Ù†ØµØ§Øª Ù…Ø¬Ù…ÙˆØ¹Ø© Ø£ÙˆØ±ÙŠÙ†Øª Ø§Ù„Ø¥Ø¹Ù„Ø§Ù…ÙŠØ©,Yes,SL,
daily.news65,Daily News,ğŸŒğŸ“° Daily News - Your Global Update Source ğŸ—ï¸ ğŸ™ï¸ Independent Journalist ğŸ¥,No,SL,
newsnationnow,News Nation,"ğŸ— Breaking down news and complex topics
ğŸ“º Watch us on TV ğŸ˜ğŸ‘",Yes,SL,
ch7hd_news,Ch7HD News,"Bangkok Broadcasting & T.V. Co., Ltd. (BBTV Channel7) Bangkok, Thailand",Yes,SL,
us.breakingnews,BreakingNews,ğŸ”Breaking NewsğŸ‡ºğŸ‡¸ğŸ‡ºğŸ‡¸ğŸ‡ºğŸ‡¸,No,SL,
arynews.official ,ARY NEWS,ARY News is a leading news channel of Pakistan. - Har Lamha Bakhabar,Yes,SL,
empact_news,Empact News,"Stories in 90 seconds or less, that inform, inspire and spark change.",No,MLH,
newsguy38,The News Guy,Presenting latest news & weather. A real person selecting news headlines. Not AI,No,MLH,
real.benshapiro,Ben Shapiro,"Daily Wire co-founder, #1 NYT bestselling author, Americaâ€™s #1 ex-rapper",Yes,MLH,
joepags,"Joe ""Pags"" Pagliarulo",News and Information Latest News - Breaking News Commentary - CMON! joepags.com,No,MLH,
newbreaking20231,Breaking News,No Bio Yet,No,MLH,
vicenews,VICE News,ğŸŒğŸŒğŸŒ Find out whatâ€™s really happening in the world.,Yes,MG,
univision,Univision,Univision's official account,Yes,MD,
therealisticfishhead,therealisticfishhead,"ğŸŸ CEO of ""Breaking News!",No,MD,
bbcnewsmundo,BBC News Mundo,"Cuenta oficial de BBC News Mundo, el servicio en espaÃ±ol de la BBC.",Yes,MD,
marcus.dipaola,Marcus DiPaola,"I used to cover the White House, now I do the news on social media.",Yes,MD,
businessinsideres,Business Insider EspaÃ±a,Lo que necesitas saber.,Yes,MD,
businessinsiderfr,Business Insider France,"Toutes vos infos sciences, tech & pop culture sur TikTok & sur notre site",Yes,MD,
businessinsidermx,Business Insider Mexico,Historias que inspiran.,Yes,MD,
yahoofinance,Yahoo Finance,Helping people build wealth with the worldâ€™s biggest business platform.,Yes,MD,
yahoobrasil,Yahoo Brasil,"Entretenimento, tecnologia e muito mais vocÃª encontra aqui!",Yes,MD,
yahoouk,Yahoo UK,Not just a search engine,Yes,MD,
yahooaustralia,Yahoo Australia,Bite-size Aussie updates ğŸ‡¦ğŸ‡º Tips: newsroomau@yahoonews.com Sub to our vodcast:,Yes,MD,
yahoosea,Yahoo Southeast Asia,NewsğŸ“° Sportsâš½ï¸ LifestyleğŸ’… Just tryna stay relevant too igğŸ’€,Yes,MD,
worldeconomicforum,World Economic Forum,"International Organization, committed to improving the state of the world",Yes,MD,
wired,Wired,Where tomorrow is realized.,Yes,MD,
who,World Health Organization,We are the United Nationsâ€™ health agency: #HealthForAll!,Yes,MD,
voguemagazine,Vogue,The official TikTok of Vogue,Yes,MD,
voguegermany,Vogue Germany,The official TikTok of VOGUE Germany Tap the link to discover more â¬‡ï¸,Yes,MD,
vogueitalia,Vogue Italia,Framing fashion since 1964,Yes,MD,
vice_spain,Vice Spain,"Somos una revista, una web y mucho mÃ¡s. AquÃ­ podrÃ¡s conocernos mejor. Â¡Comenta!",Yes,MD,
thestarmalaysia,The Star,Malaysiaâ€™s leading English daily! Star Media Group SSM: 197101000523 (10894-D),Yes,MD,
nypost,New York Post,An outdoor dining shed was no match for 50 mph winds in NYC.,Yes,JL,
asianewschannels,AsiaNewsChanels,The strategy is intended to balance revenue generation with the minimization of additional financial burdens on citizens. Read more here: https://www.asianewschannels.com/latest/malaysia-finance-ministry-sst-increase-exempts-essential-services #AsiaNewsChannels #sst #malaysiasst #finance #sstnaik #economy #menterikewangan #financeminister,No,JL,
theetinalove,Tina,South Africa has informed the Biden administration that it will sue the US for its support for g*n0_cide in G*za. #greenscreen #update #fypage #news #southafrica #breakingnews #fypã‚·ã‚š #newyears2024 #icjhearing #bbc,No,JL,
worldnewstoday2024,World News Today,#air #drop #humanitarian #aid #gaza #us #unitedstates,No,JL,
worldnewscoverage,WorldNews,U.S. soldier risks his life to protest the gen happening in Gaza #worldnews #news #today #armylover #usa,No,JL,
worldlymap,Worldly,"Todayâ€™s World News March 3, 2023 (Evening) #worldnews #news #philippines #uk #norway #protest 1. After an oil spill in the Philippines, authories are looking to contain as much oil as possible to minizie environmental damage. 2. Boris Johnson has publically opposed the new UK EU trade deal, arguing it doesnâ€™t give UK enough â€˜controlâ€™. 3. Greta Thunberg and protestors have blocked the Norway Royal Palace as they demonstrate against the wind turbines in indigenous lands. World News March 4, 2023",No,JL,
msnbc,MSNBC,"Trump swept Saturday nightâ€™s Missouri, Idaho, and Michigan caucuses. Ayman Mohyeldin and Jonathan Capehart break down what it means for Super Tuesday and beyond. #Newstiktok #Politics #News #politicaltiktok #decision2024 #msnbc #election2024 #election",Yes,JL,
dailymirror,Daily Mirror,Barak Obama slams the obsession with Titanic submarine while migrant boat tragedies are completely ignored #news #breakingnews #dailymirror #titanic #submarine #obama,Yes,JL,
the.discloser,Follow to spread the word ğŸ•µï¸â€,"JUST IN - CBS NEWS: ""BLACKOUT FOR WINTER 2024"". #cbsnews #blackouts #northamerica #energyshortage #bills #inflation #politics #winter2024 #darkwinter #usapolitics #fypã‚·",No,JL,
newweather1,New Weather,forest fire in Chile #forest #fire #chile #weather #new #2024 #news,No,JL,
news.tracking,News 2024,#todaynews #hotnews #fyp #breakingnews #foryou #news,No,JL,
facethenation,Face The Nation,"New CBS News polling finds 62% of likely GOP primary voters are backing former President #Trump for the 2024 nomination. #Florida Gov. Ron #DeSantis is at 16%, and most of the rest of the field is in single digits. #news #politics",Yes,JL,
kellermankomedy,The Real Kellerman,"The F*ckinâ€™ News January 16, 2024 #trump #republican #us #usa #election #2024 #news",No,JL,
tedtok,TED Talks,"What in the world is going on in 2024? Hereâ€™s what political scientist Ian Bremmer says you should look out for in the coming months. From year three of the war in Ukraine to the 2024 US presidential election and everything in between, 2024 is set to be quite contentious. Visit the ğŸ”— in our â˜£ï¸ to watch the latest episode of TED Explains the World with Ian Bremmer. #2024 #TEDTalk #WorldNews #newstok #geopolitics",Yes,JL,
ahhhamdan,Ahmad Hamdan,#politics #news #updates,No,JL,
wffnews,WFF news,What do they know that we dont ğŸ§ ##News##2024##Insurance##Coverage##Policy#fyp #foryou #foryourpage #4u #4yourpage ##greenscreen,No,JL,
tonynew1501,TONY.CN.1501,"Massive magnitude-7.6 earthquake struck Ishikawa, in central Japan #new #massive #magnitude #earthquake #struck #ishikawa #in #central #japan #2024 #news #update #fyp",No,JL,
abc7ny,ABC7NY,"The Montefiore Albert Einstein School of Medicine on Monday announced it has received a $1 billion donation which will allow free tuition for all medical school students. The donation marks the largest made to any medical school in the United States. It was made by Dr. Ruth Gottesman, the chair of the Einstein Board of Trustees. ""This donation radically revolutionizes our ability to continue attracting students who are committed to our mission, not just those who can afford it,"" said Marilyn and Stanley Katz Dean at Albert Einstein College of Medicine Dr. Yaron Tomer said in a press release. ""Additionally, it will free up and lift our students, enabling them to pursue projects and ideas that might otherwise be prohibitive."" The historic announcement also allows current fourth-year students to be reimbursed their spring 2024 semester tuition, and effective beginning in August of this year, all students moving forward ",Yes,JL,
abc13houston,ABC13 Houston,HPD is searching for at least two suspects accused of opening fire into a crowd after being kicked out of a nightclub for reportedly fighting inside. #lincolnbar #abc13 #washingtonave,Yes,JL,
6abcactionews,6abc Action News,Popular fast-food chain Chick-fil-A is recalling its Polynesian sauce dipping cups because they may contain possible allergens. #chickfila #recall,Yes,JL,
fox29philadelphia,FOX 29 Philadelphia,"WE GO THERE
Streaming on FOX Local & at â¤µï¸
www.fox29.com",Yes,JK2 ,
fox2detroitwjbk,FOX 2 Detroit,"WORKING FOR YOU
FOX2Detroit.com",No,JK2 ,
fox5_atlanta,fox5_atlanta,Official account for FOX 5 Atlanta. Follow us for awesome videos every week!,No,JK2 ,
wesh2orlando,WESH 2 News,"Official page for WESH 2 News in Orlando, Florida.",No,JK2 ,
nbcchicago,NBC Chicago,Home of NBC Chicago! Find us on Instagram ğŸ“· YouTube ğŸ“º Facebook ğŸ’» X ğŸ¦,Yes,JK2 ,
nbcwashington,NBC Washington,"Stories from Washington, D.C., Maryland, Virginia & beyond.",Yes,JK2 ,
washingtonianmag,Washingtonian,"ğŸŒ¸ The magazine DC lives by âœ¨ğŸ›
linkin.bio/washingtonianmag",Yes,JK2 ,
ksatnews,KSAT12 | SATX local news,"San Antonioâ€™s #1 News Station
#ExpectMore",No,JK2 ,
wbznewsradio,WBZ NewsRadio,"Bostonâ€™s News Radio. Ask Alexa to ""play WBZ NewsRadio on iHeartRadio.""",No,JK2 ,
"b25news
",Boston 25 News,"Bringing you
ğŸš¨news,
ğŸŒ¤weather,
ğŸˆsports,
& more in the Boston area.",No,JK2 ,
rtenews,RTÃ‰ News,Irelandâ€™s National Public Service Multimedia News,Yes,JK2 ,
rocanews,RocaNews,"News you can enjoy
Our appğŸ‘‡",No,JK2 ,
freeda_en ,Freeda,We need to be heard. ğŸ«¶,Yes,JK2 ,
lanacioncom,La NaciÃ³n,"Las noticias que importan, al toque",Yes,JK2 ,
"
somegoodnewsofficial",Some Good News,"Created by @johnkrasinski
Tag us to be featured
â¬‡ï¸ CATCH UP ON EPISODES â¬‡ï¸",Yes,JK2 ,
thewellesleynews,The Wellesley News,"wellesleyâ€™s student newspaper, est. 1901, account run by 2 kids in a trench coat",No,JK2 ,
dnews247,D News - KÃªnh Tin Tá»©c Giáº£i TrÃ­,"KÃªnh tin tá»©c giáº£i trÃ­, Ä‘á»i sá»‘ng, giá»›i tráº»
For work ğŸ“© dnews247.ads@gmail.com",Yes,JK2 ,
nasnewsdaily,Nas News,"Asiaâ€™s news in 3 minute videos.

Created by the 1 minute guy!",Yes,JK2 ,
siamnews,à¸ªà¸¢à¸²à¸¡à¸™à¸´à¸§à¸ªà¹Œ - Siamnews,"à¸•à¸´à¸”à¸•à¹ˆà¸­à¹‚à¸†à¸©à¸“à¸² Line : @suesiam
à¹à¸ˆà¹‰à¸‡à¸‚à¹ˆà¸²à¸§ à¸£à¹‰à¸­à¸‡à¸—à¸¸à¸à¸‚à¹Œ à¸—à¸µà¹ˆ Line : @siamnews",Yes,JK2 ,
dzrhnews,DZRH News,DZRH is the flagship AM station of the Manila Broadcasting Company,Yes,JK2 ,
joshhelfgott,Josh Helfgott,LGBTQ+ advocate with 2 moms,Yes,SS,
pulselivekenya,Pulse Kenya,We inform & engage - 24/7,Yes,SS,
ajplus,ajplus,AJ+ lifts up underrepresented voices and focuses on issues of social justice.,Yes,SS,
valerisssh,Valerisssh,"insta @valerisssh
U can read my bookğŸ‘‡ğŸ¼ğŸ‡ºğŸ‡¦",Yes,ss,
48hourscbs,48 hours,"True crime. Real justice. Saturday, 10/9c.",Yes,SS,
kellermankomedy,The Real Kellerman,I give you newsâ€¦ but do your own research and fact-checking! â¬‡ï¸Merch in Linktree,No,FG,
usnews,U.S. News & World Report,"Rankings, independent reporting, data journalism & consumer advice just for you.",Yes,FG,
newsfash,NEWSFASHâ„¢ï¸,"news + fashion. delivered by a journalist ğŸ“°
mosha@newsfashmedia.com",Yes,FG,
consumerreports,Consumer Reports,Independent research + testing. Journalism + advocacy. Nonprofit. Join us ğŸ‘‡,Yes,FG,
sustainableliz_,Liz Kuhn,"Climate Change & Human Rights Activist
âœ¨Make Happy Sustainableâœ¨",No,FG,
errol.barnett,errol barnett cbs,"ğŸ›© cbs anchor + national correspondent
sharing what I know about travel + life",Yes,FG,
reamichellew,Reaâ€‚Michelle,Here to make you laughğŸ˜‚ thinkğŸ§  or cryğŸ˜­,No,FG,
planetmoney,planetmoney,you can help support us with a Planet Money+ paid subscription! n.pr/pm-sub,Yes,FG,
kylascan,Kyla Scanlon,"in this economy?
Newsletter + YouTube â¬‡ï¸",No,FG,
gingerzee,Ginger Zee,Iâ€™m the chief meteorologist & managing editor of the climate unit at ABC News.,Yes,FG,
itsrachelscott,Rachel Scott,"ABC News Reporter. Sharing the politics I cover on the news, here on TikTok ğŸ‘‹ğŸ¾",Yes,FG,
mynytimes,mynytimes,"For subscribers, readers and lovers of The New York Times",Yes,FG,
nytopinion,New York Times Opinion,We amplify voices on the issues that matter to you.,Yes,FG,
theathletic ,The Athletic,Here for every sports story that matters.,Yes,FG,
motherboardvice,Motherboard,Tech (and more) by VICE.,Yes,FG,
zarahsultanamp,Zarah Sultana MP,"Promoted by Zarah Sultana c/o Unite the Union, Short Street, Coventry, CV1 2LW",Yes,FG,
hanakomontgomery,Hanako Montgomery,"@CNN international correspondent
ğŸ“tokyo | nyc | elsewhere",No,FG,
viceontv,VICE TV,Home of your fave docs by VICE.,Yes,FG,
viceenespanol,VICE en EspaÃ±ol,Periodismo que te abrirÃ¡ los ojos.,Yes,FG,
uninoticias,Univision Noticias,"Noticias de la comunidad hispana y el acontecer mundial, al instante.",Yes,FG,
future_explored,Future Explored,Ideas & technology with world-changing potential By @Freethink x @tommocarroll,Yes,JY,
weisstech,weisstech,ğŸ”¥Only fresh and exciting news from the world of IT sponsored by WeissTech LLCğŸ”¥,No,JY,
tech.news3,Military Tech,Welcome to the Military Tech News.,No,JY,
mbtechnews,MBTechNews,Official Tiktok account of the Technology Section of the Manila Bulletin.,Yes,JY,
daily.tech.news,Daily Tech News,Longer videos with more info about topics on my YT ğŸ˜ğŸ’¾,No,JY,
dailynewsonline,Dailynews online,à¹à¸­à¸„à¹€à¸„à¸²à¸—à¹Œà¸—à¸²à¸‡à¸à¸²à¸£à¸‚à¸­à¸‡ â€œà¹€à¸”à¸¥à¸´à¸™à¸´à¸§à¸ªà¹Œà¸­à¸­à¸™à¹„à¸¥à¸™à¹Œâ€ à¸™à¸³à¹€à¸ªà¸™à¸­à¸‚à¹‰à¸­à¸¡à¸¹à¸¥ à¸‚à¹ˆà¸²à¸§à¸ªà¸²à¸£ à¸ªà¸²à¸£à¸° à¸„à¸§à¸²à¸¡à¸šà¸±à¸™à¹€à¸—à¸´à¸‡,Yes,JY,
batamnews,Batamnews,Official Batamnews Contact Us: 0811-6835-000 https://t.me/lokerbatamnews,Yes,JY,
deutschlandnews2,News,Die aktuellsten Videos,No,JY,
jovempannews,Jovem Pan News,"Jovem Pan News oficial, a rÃ¡dio que virou TV! Curta, comente e compartilhe!ğŸ™ğŸ–¥",Yes,JY,
hypenews.ru,Hype News | Ğ¥Ğ°Ğ¹Ğ¿ ĞÑŒÑĞ·,Ğ¡Ğ›Ğ˜Ğ’ Ğ”Ğ•Ğ¢Ğ¡ĞšĞĞ“Ğ Ğ’Ğ˜Ğ”Ğ•Ğ Ğ˜ĞĞ¡Ğ¢ĞĞ¡ĞĞœĞšĞ˜ ğŸ‘‡ğŸ»,No,JY,
theglobalworldnews,The Global World News,No Bio Yet,No,JY,
3plusnews,3PlusNews,à¸‚à¹ˆà¸²à¸§à¸Šà¹ˆà¸­à¸‡ 3,Yes,JY,
sindonews,SINDOnews,Official Tiktok Sindonews,Yes,JY,
womannews.vn,Woman News,"ğŸ”¥ KÃŠNH TIN Tá»¨C, Äá»œI Sá»NG, XÃƒ Há»˜I ğŸ”¥ âœ‰ï¸ contact.womannews@gmail.com",No,JY,
chinanewsservice,ä¸­å›½æ–°é—»ç¤¾,ä¸­å›½æ–°é—»ç¤¾å®˜æ–¹TikTok,No,JY,
cincainews,cincainews,æ¨é€ä¸­æ–‡æ–°é—»ä¸åŒ…ç½—ä¸‡è±¡çš„ç²¾å½©å†…å®¹ï¼Œ ä¸ºå…¨çƒä¸­æ–‡åœˆé˜…å¬ä¼—æœåŠ¡ã€‚,No,JY,
newstify,NEWSTIFY,NOTICIAS. HISTORIAS. HACKS ğ—œğ—¡ğ—¦ğ—§ğ—”ğ—šğ—¥ğ—”ğ— : NEWSTIFY_ES Antes JUANKYTIPS,Yes,LG,
kompastvnews,Kompas TV,Official Account KompasTV - Televisi Berita Independen TerpercayağŸš€,No,LG,
livenews64,live news,"Ù¾Ø§Ú©ÛŒØ³ØªØ§Ù† Ù†Ù…Ø¨Ø± 1 Ú†ÛŒÙ†Ù„ØŒ Daily headline news , follow,Like,Shair",No,LG,
news_livesa,news_livesa,NEWS LIVE SA LET'S TALK NO FAVOURS Connected and tusted,No,LG,
wereportnews,WRN,à¸ªà¸³à¸™à¸±à¸à¸‚à¹ˆà¸²à¸§ WRN: à¸”à¸±à¸šà¸šà¸¥à¸´à¸§ à¸­à¸²à¸£à¹Œ à¹€à¸­à¹‡à¸™ (We Report News),Yes,LG,
tribunnewssultraofficial,TribunnewsSultraOfficial,Tribunnewssultra.com,No,LG,
independennews.com,news,,No,LG,
malaysianupdatenews,Malaysian Update,Untuk Berita Terkini ğŸ‘‡,Yes,LG,
alarabytvnews,Ø§Ù„ØªÙ„ÙØ²ÙŠÙˆÙ† Ø§Ù„Ø¹Ø±Ø¨ÙŠ,Ø§Ù„Ø­Ø³Ø§Ø¨ Ø§Ù„Ø±Ø³Ù…ÙŠ Ù„Ù„ØªÙ„ÙØ²ÙŠÙˆÙ† Ø§Ù„Ø¹Ø±Ø¨ÙŠ alaraby.com,Yes,LG,
morningnewsch3,à¹€à¸£à¸·à¹ˆà¸­à¸‡à¹€à¸¥à¹ˆà¸²à¹€à¸Šà¹‰à¸²à¸™à¸µà¹‰,à¹€à¸£à¸·à¹ˆà¸­à¸‡à¹€à¸¥à¹ˆà¸²à¹€à¸Šà¹‰à¸²à¸™à¸µà¹‰ 06.00-08.20 à¸™. à¸ˆ-à¸¨ à¹€à¸£à¸·à¹ˆà¸­à¸‡à¹€à¸¥à¹ˆà¸²à¹€à¸ªà¸²à¸£à¹Œ-à¸­à¸²à¸—à¸´à¸•à¸¢à¹Œ 10.15-12.15 à¸™. à¸ª-à¸­à¸²,Yes,LG,
hygonews,HYGO News,"HYGO News Bringing you breaking, unbiased news. No opinions, just facts.",No,MM,
bleacherreport,bleacherreport,Download the B/R app ğŸ“²â¤µï¸,Yes,MM,
nessadiosdado,nessa,TXğŸ‡²ğŸ‡½ğŸ‡ºğŸ‡¸ | IG: @nessadiosdado email: nessa@palettemgmt.com @genzforchange,No,MM,
crimedivewithjess2.0,CrimeDivewithjess NEW PAGE,MY MAIN ACCOUNT WAS BANNED at 600k followers in August ğŸ’”ğŸ˜­ Crime | Missing,No,MM,
hebewiththenews,ğŸ¥ğŸ“ºHebewiththenews,| breaking news | murder mystery | crazy news | others like what u see followâ¬†ï¸,No,MM,
dailyfishtoknews,dailyfishy,Daily Breaking News ğŸ  ğŸš€ 189K / 269K ğŸ¯,No,MM,
thedailydripmedia,The Daily Drip,Catch Viral Clips Early - Follow Us! ğŸ”¥ğŸš€ -Need your love on Patreon ğŸŒŸğŸ™,No,MM,
thatgoodnewsgirl,jennğŸ’œ good news & fun stories,Just good news & fun storiesğŸ¥° ğŸ’Œ hello@thegoldstudios.com â¬‡ï¸ Suggest a story â¬‡ï¸,Yes,MM,
newsninja,NewsNinja,I love news. Share and like the news â¤ï¸,No,MM,
chroniclesofolivia,Olivia,OFFICIAL PAGE Documentary Film Maker â¬‡ï¸ SIGN GRANTS PETITION â¬‡ï¸,No,MM,
sbsnews_au,SBS News,Key news moments in Aus ğŸ‡¦ğŸ‡º and around the worldğŸŒ https://www.sbs.com.au/terms,Yes,MM,
mustsharenews,MustShareNews,News for Singaporeâ€™s social media generation,Yes,MM,
luxinews,Luxi News,â¬‡ï¸ Suggest a story â¬‡ï¸,No,MM,
filonews,Filo.news,âš¡ï¸ Buscamos historias para contar noticias,No,MM,
tribunkaltim.co,Tribunkaltim,Akun Resmi TikTok Tribun Kaltim linktr.ee/tribun.kaltim,No,MM,
ctvnews,CTVNews,We're here too! Canada's most-watched news organization,Yes,MM,
matta_of_fact,matta_of_fact,âœ¨intersectional royalTEA ğŸ‘‘ ğŸ“§ alcmatta@gmail.com,Yes,MM,
serranewsrj,Serra News,O melhor portal de notÃ­cias da RegiÃ£o Serrana do Rio de Janeiro.,No,MM,
visi.news,VISI.NEWS,AKUN RESMI VISI.NEWS Untuk Kerjasama ALAM WA/HP +62 877-1120-9617,No,MM,
astrogempak,Gempak,Gempak - Measat Broadcast Network Systems Sdn Bhd 199201008561 (240064-A),Yes,MM,
abc30_actionnews,ABC30,ABC30 Action News â€“ Taking Action Together Share your story at abc30.com/share,Yes,AK,
abc7newsbayarea,ABC7 News,"#1 source for breaking news, weather, sports and more around the Bay Area.",Yes,AK,
abc7chicago,abc7chicago,The official TikTok account of ABC7 Chicago www.instagram.com/abc7chicago?igsh=MTF,Yes,AK,
6abcactionnews,6abc Action News,"Philadelphia area news, weather and sports.",Yes,AK,
abc7ny,ABC7NY,"This is the TikTok account for ABC 7 in New York, WABC-TV",Yes,AK,
gma,Good Morning America,Put some good in your morning â˜€ï¸ Watch 7-9 a.m. on ABC,Yes,AK,
kbsnewsofficial,KBSNEWS,KBSë‰´ìŠ¤ í‹±í†¡ ê³µì‹ ê³„ì • The official account for KBSNEWS ìœ íŠœë¸Œë„ ìˆì–´ìš”ğŸ‘‡,Yes,AK,
sbsnews,SBSNEWS,"ì‰½ê³  ì¹œì ˆí•˜ê³  ìœ ìµí•œ ë‰´ìŠ¤ ğŸ“º Based in Seoul, SBS ìœ íŠœë¸Œ ğŸ‘‰ @sbsnews8 ğŸ‘‡ ìŠ¤ë¸ŒìŠ¤ í”„ë¦¬ë¯¸ì—„ êµ¬ë… ì—¬ê¸°ì„œ!",Yes,AK,
kjmbc_news,ê´‘ì£¼MBCë‰´ìŠ¤,ê´‘ì£¼MBCë‰´ìŠ¤ì…ë‹ˆë‹¤,Yes,AK,
bbcnews,BBC News,BBC News,Yes,AK,
sbsnews_au,SBS News,Key news moments in Aus ğŸ‡¦ğŸ‡º and around the worldğŸŒ https://www.sbs.com.au/terms,Yes,AK,
mbs.news,MBSãƒ‹ãƒ¥ãƒ¼ã‚¹,MBSãƒ‹ãƒ¥ãƒ¼ã‚¹ã®å…¬å¼ã‚¢ã‚«ã‚¦ãƒ³ãƒˆã€‚é–¢è¥¿ç™ºã®æœ€æ–°ãƒ‹ãƒ¥ãƒ¼ã‚¹ã‚’æ€ã„ã£ãã‚ŠãŠå±Šã‘ã—ã¾ã™ï¼,Yes,AK,
mtvnews,MTV NEWS,Very fun and social wow!,Yes,AK,
knxnews,KNX News,KNX News is SoCal's only 24/7 connection. Always live on the free @Audacy app.,Yes,AK,
jtbcnews_official,JTBC News,"""ë‰´ìŠ¤ì˜ í˜„ì¥ì—ì„œ ëµ™ê² ìŠµë‹ˆë‹¤"" JTBC News Welcome to the official JTBC News Channel.",Yes,AK,
ytnnews,ytnnews,YTN ê³µì‹ ê³„ì •ì…ë‹ˆë‹¤.,Yes,AK,
oscars,The Oscars,Celebrating Excellence in Film linktr.ee/oscarstiktok,Yes,AK,
abcnewslive,ABC News Live,"Wherever the story is, weâ€™ll take you there.",Yes,AK,
abcgma3,GMA3,"GMA3 is a news, health & lifestyle program. Tune in weekdays on ABC!",Yes,AK,
abc13houston,ABC13 Houston,Houstonâ€™s News Leader,Yes,AK,
"benjaminzamoratven",Benjamin zamoratven ,"Emmy Award Winning Journalist
English account - Cuenta de respaldo",No,AY,
accuweather,Accuweather,"Weather or not, we've got you covered",Yes,AY,
manchesternews,Manchester News,Welcoem to Tiktok from the Manchester Evening News,Yes,AY,
lawandcrime,lawandcrime,Bringing you the day's biggest trials and legal controversies,Yes,AY,
48hourscbs,48 hours,"True crime. Real justice, Saturday",Yes,AY,
insideedition,Inside edition ,Award-winning TV newsmagazine (you may know us from Youtube),Yes,AY,
thomasrhanson,Tom Hanson,"news you need, corrspndt for @cbsnews",No,AY,
norahodonnell,Norah O'Donnel,"Wife, mother, anchor and managing editior of the CBS Evening News",Yes,AY,
nowthisearth,NowThis Earth,Subscribe to our newsletter,Yes,AY,
mehdihasanshow,The Mehdi Hasan Show,Streaming weekly on Peacock and Sundays at 8pm ET on MSNBC,Yes,AY,
reidout,The ReidOut with Joy Reid,"Watch The ReidOut with Joy Reid, which airs every weeknight at 7pm",Yes,AY,
katiephang,Katie Phang,Host of @katiephangshow on MSNBC,Yes,AY,
watchsavannah,Savannah Sellers,anchor @nbcnews & host @staytunednbc,Yes,AY,
meetthePress,Meet the Press,"If it's Tiktok, it's Meet the Press.",Yes,AY,
niikjackson,Nick Jackson,I Give You The Daily News Roundups,Yes,AY,
aljazeeraenglish,AI Jazeera English,The official Tikok account for AI Jazeera English,Yes,AY,
bloombergpolitics,Bloomberg Politics,Global news and politcs from Bloomberg,Yes,AY,
wordlymap,Wordly,Expand your worldview & explore what's happening around the world!,Yes,AY,
utusantvofficial,UtusanTV,AI-Islam | Hijab | Mastika...,Yes,AY,
underthedesknews,UnderTheDeskNews,The Nice Side of #NewsTok,Yes,AY,
charlesmblow,Charles M Blow,"NYT columnist, MSNBC political analyst, author, public speaker.",No,EP,
bbcsport,BBC Sport,The home of BBC Sport on TikTok,Yes,EP,
hollywoodreporter,The Hollywood Reporter,The premier destination and most widely trusted resource for entertainment news,Yes,EP,
omarjimeneztok,Omar Jimenez,"As seen on CNN. If you're here, you'll be seing a whole lot more.",No,EP,
mayaeaglin,Maya Eaglin,Digital Reporter @NBC News! Curl whisperer and boba drinker on the side.,Yes,EP,
laurajarrettnbc,Laura Jarrett,@nbcnews Senior Legal Correspondent @todayshow Saturday Co-Anchor,Yes,EP,
craigmelvinnbc,Craig Melvin,Believer. Father. Husband. Son. Journalist. Anchor & Co-Host @todayshow,Yes,EP,
arimelber,Ari Melber,Emmy-winning host of MSNBC's The Beat,Yes,EP,
andykaczynski,Andy,"Investigative reporter at CNN, founder of the Team Beans Infant Brain Tumor Fund",Yes,EP,
hodaandjenna,TODAY with Hoda & Jenna,"Friendship, fun, and laughts!",Yes,EP,
nbcsandiego,NBC San Diego,"Breaking news, exclusive stories, weather and investigations in San Diego",Yes,EP,
jenpsaki,TheRealPsaki,"Proud politics nerd, former WH & State spox, host of Inside with Jen Psaki",Yes,EP,
tomllamasnbc,Tom Llamas,@nbcnews Anchor Senior National Correspondent Top Story with Tom Llamas,Yes,EP,
tvkatesnow,TVKateSnow,"Anchor of NBC News Daily, Correspondent for Nightly News, Today. Wife & mom of 2",Yes,EP,
journalsentinel,journalsentinel,"News, sports, entertainment, opinion content from Wisconsin's largest newspaper",Yes,EP,
nbcnewyork,NBC New York,Sometimes we TV. Sometimes we TikTok.,Yes,EP,
nbcsouthflorida,NBCSouthFlorida,Keeping you up to date with the latest news in South Florida,Yes,EP,
nbcbayarea,NBC Bay Area,News and information for the San Francisco Bay Area,Yes,EP,
nbcconnecticut,nbcconnecticut,Best in the #news and everything in #Connecticut.,Yes,EP,
nbcla,NBCLA,Now you can watch news videos from the big screen on your little screen,Yes,EP,
vnexpress.international,VnExpress International,Visualizing Vietnam via eVnExpress,No,JK,
vietnamnews.official,Viet Nam News,The National English Language Daily,No,JK,
nextshark,NextShark,The leading source covering Asian American News,Yes,JK,
insight_official,ì¸ì‚¬ì´íŠ¸,ì„¸ìƒì—ì„œ ê°€ì¥ ì¬ë¯¸ìˆëŠ” ë‰´ìŠ¤ ì¸ì‚¬ì´íŠ¸[www.insight.co.kr],Yes,SH,
insight_fashion,ì¸ì‚¬ì´íŠ¸ íŒ¨ì…˜,ì„¸ìƒì—ì„œ ê°€ì¥ ê°„ì§€ë‚˜ëŠ” ë‰´ìŠ¤ ì¸ì‚¬ì´íŠ¸_íŒ¨ì…˜ [www.insight.co.kr],Yes,SH,
insight_beauty,ì¸ì‚¬ì´íŠ¸ ë·°í‹°,ì„¸ìƒì—ì„œ ê°€ì¥ ì•„ë¦„ë‹¤ìš´ ë‰´ìŠ¤ ì¸ì‚¬ì´íŠ¸_ë·°í‹° [www.insight.co.kr],Yes,SH,
insight_food,ì¸ì‚¬ì´íŠ¸ í‘¸ë“œ,ì„¸ìƒì—ì„œ ê°€ì¥ ë§›ìˆëŠ” ë‰´ìŠ¤ ì¸ì‚¬ì´íŠ¸_í‘¸ë“œ [www.insight.co.kr],Yes,SH,
starnewskorea,ìŠ¤íƒ€ë‰´ìŠ¤,ìŠ¤íƒ€ë‰´ìŠ¤ ì½”ë¦¬ì•„ | Starnews Korea,Yes,SH,
subusunews.official,ìŠ¤ë¸ŒìŠ¤ë‰´ìŠ¤,"ğŸ˜ë‰´ìŠ¤ì—ëŠ” ìœ„ì•„ë˜ê°€ ì—†ë‹¤ğŸ˜
ğŸ‘‡ìŠ¤ë¸ŒìŠ¤ë‰´ìŠ¤ ë” ì•Œì•„ë³´ê¸°ğŸ‘‡",Yes,SH,
yonhapnews,ì—°í•©ë‰´ìŠ¤ Yonhapnews,"ëŒ€í•œë¯¼êµ­ ë‰´ìŠ¤ì˜ í—ˆë¸Œ
ì—°í•©ë‰´ìŠ¤ ê³µì‹ í‹±í†¡ ê³„ì •ì…ë‹ˆë‹¤.
www.yna.co.kr",Yes,SH,
weathernewslive,ã‚¦ã‚§ã‚¶ãƒ¼ãƒ‹ãƒ¥ãƒ¼ã‚¹LiVE,å½“ãŸã‚‹å¤©æ°—äºˆå ±ã§ãŠãªã˜ã¿ã‚¦ã‚§ã‚¶ãƒ¼ãƒ‹ãƒ¥ãƒ¼ã‚¹ãŒé‹å–¶ã™ã‚‹æ°—è±¡æƒ…å ±ç”Ÿæ”¾é€ç•ªçµ„ã€ã‚¦ã‚§ã‚¶ãƒ¼ãƒ‹ãƒ¥ãƒ¼ã‚¹LiVEã€‘å…¬å¼ã‚¢ã‚«ã‚¦ãƒ³ãƒˆã€‚æœ€æ–°ã®å¤©æ°—ã‚„ã€ã¡ã‚‡ã£ã¨ã‚¿ãƒ¡ã«ãªã‚‹ã‚³ãƒ³ãƒ†ãƒ³ãƒ„ã‚’é…ä¿¡,Yes,SH,
youkhino,ë‰´ìŠ¤ì˜ì‹  ì‹ ì•„ë‚˜,"ì•„ë‚˜ìš´ì„œ ì‹ ë¯¸ì •
Korean TV presenter/ announcer
Instagram ë†€ëŸ¬ì™€â˜ğŸ¼
MCN FYPC",No,SH,
news_cool,ë‰´ìŠ¤ì¿¨(Newschool),"íŒŒì´ë‚¸ì…œë‰´ìŠ¤ Zì„¸ëŒ€ ë‰´ìŠ¤ì±„ë„ â€˜ë‰´ìŠ¤ì¿¨â€™
í´ë¦­í•´, ë‰´ìŠ¤ ë“¤ì–´ê°„ë‹¤! 30ì´ˆ ì•ˆì— ì„¤ëª…í•´ì£¼ì§€ğŸ˜",Yes,SH,
officialinews,OfficialiNews,Update iNews,Yes,SH,
ntv.news,æ—¥ãƒ†ãƒ¬ãƒ‹ãƒ¥ãƒ¼ã‚¹,æ—¥æœ¬ãƒ†ãƒ¬ãƒ“ã®ãƒ‹ãƒ¥ãƒ¼ã‚¹å…¬å¼ã‚¢ã‚«ã‚¦ãƒ³ãƒˆã€‚æœ€æ–°ã®ãƒˆãƒ”ãƒƒã‚¯ã‚’ãŠå±Šã‘ã—ã¾ã™ã€‚Nippon TV is Japan's leading broadcasting Corp.,Yes,SH,
news_postseven,NEWSãƒã‚¹ãƒˆã‚»ãƒ–ãƒ³,å°å­¦é¤¨ã®ãƒ‹ãƒ¥ãƒ¼ã‚¹ã‚µã‚¤ãƒˆã€ŒNEWSãƒã‚¹ãƒˆã‚»ãƒ–ãƒ³ã€ã®å…¬å¼ã‚¢ã‚«ã‚¦ãƒ³ãƒˆã§ã™ã€‚èŠ¸èƒ½ã‚¹ã‚¯ãƒ¼ãƒ—ã»ã‹ã€æœ€æ–°ãƒ‹ãƒ¥ãƒ¼ã‚¹ã‚’ãŠå±Šã‘ï¼ã€€â†‘YouTubeã®ãƒãƒ£ãƒ³ãƒãƒ«ç™»éŒ²ã‚‚ãŠé¡˜ã„ã—ã¾ã™ï¼,Yes,SH,
ktlanews,KTLA5NEWS,Keeping Southern Californians informed since 1947.,Yes,SH,
5wcvb,WCVB Channel 5 Boston,Updates from Boston's News Leader: WCVB NewsCenter 5,Yes,SH,
news5everywhere,News,The official TikTok account of @tv5manilaâ€™s news team.,Yes,SH,
newscientist,New Scientist,"For the latest science news click on the link below!
ğŸ§¬ ğŸ§ª ğŸš€ ğŸŒ",Yes,SH,